{
    "test_accuracy": 0.9230769276618958,
    "test_loss": 0.5288825035095215,
    "f1_macro": 0.6444444444444445,
    "f1_weighted": 0.8871794871794871,
    "classification_report": "              precision    recall  f1-score   support\n\n       human      0.000     0.000     0.000         1\n         dog      1.000     1.000     1.000         5\n       snake      0.875     1.000     0.933         7\n\n    accuracy                          0.923        13\n   macro avg      0.625     0.667     0.644        13\nweighted avg      0.856     0.923     0.887        13\n",
    "confusion_matrix": [
        [
            0,
            0,
            1
        ],
        [
            0,
            5,
            0
        ],
        [
            0,
            0,
            7
        ]
    ],
    "confusion_matrix_str": "[[0 0 1]\n [0 5 0]\n [0 0 7]]",
    "total_samples": 62,
    "train_samples": 207,
    "val_samples": 10,
    "test_samples": 13,
    "classes": [
        "dog",
        "human",
        "snake"
    ],
    "image_size": [
        224,
        224
    ],
    "batch_size": 8,
    "optimizer": "Adam",
    "learning_rate": 0.0005,
    "gpu_used": "No",
    "gpu_model": "CPU"
}