{
  "loss": [
    0.4962103068828583,
    0.24262426793575287,
    0.16043677926063538,
    0.09838388860225677,
    0.07613865286111832,
    0.0625813901424408,
    0.05322413891553879,
    0.0458860769867897,
    0.04302012547850609,
    0.03276125341653824,
    0.02502233348786831,
    0.024566028267145157,
    0.02094331569969654,
    0.015232870355248451,
    0.018976174294948578,
    0.019686618819832802,
    0.014760947786271572,
    0.013735076412558556,
    0.010850157588720322,
    0.013699217699468136
  ],
  "accuracy": [
    0.8721227645874023,
    0.948849081993103,
    0.9693094491958618,
    0.9897698163986206,
    0.9948849081993103,
    0.9974424839019775,
    0.9974424839019775,
    0.9948849081993103,
    0.9974424839019775,
    1.0,
    1.0,
    1.0,
    1.0,
    1.0,
    0.9974424839019775,
    1.0,
    1.0,
    1.0,
    1.0,
    1.0
  ],
  "top_k_categorical_accuracy": [
    1.0,
    1.0,
    1.0,
    1.0,
    1.0,
    1.0,
    1.0,
    1.0,
    1.0,
    1.0,
    1.0,
    1.0,
    1.0,
    1.0,
    1.0,
    1.0,
    1.0,
    1.0,
    1.0,
    1.0
  ],
  "val_loss": [
    1.0446653366088867,
    1.0968347787857056,
    1.025453805923462,
    0.849362313747406,
    0.5697534680366516,
    0.39334559440612793,
    0.25311386585235596,
    0.48947951197624207,
    0.3735601603984833,
    0.5060946345329285,
    0.519474983215332,
    0.7309619188308716,
    0.6872517466545105,
    0.7582011818885803,
    1.0124238729476929,
    0.9376264810562134,
    1.010511040687561,
    0.9579683542251587,
    0.9946589469909668,
    1.0785022974014282
  ],
  "val_accuracy": [
    0.4736842215061188,
    0.42105263471603394,
    0.5263158082962036,
    0.5789473652839661,
    0.9473684430122375,
    0.9473684430122375,
    0.8947368264198303,
    0.8947368264198303,
    0.8947368264198303,
    0.8947368264198303,
    0.8947368264198303,
    0.8947368264198303,
    0.8947368264198303,
    0.8947368264198303,
    0.8947368264198303,
    0.8947368264198303,
    0.8947368264198303,
    0.8947368264198303,
    0.8947368264198303,
    0.8947368264198303
  ],
  "val_top_k_categorical_accuracy": [
    1.0,
    1.0,
    1.0,
    1.0,
    1.0,
    1.0,
    1.0,
    1.0,
    1.0,
    1.0,
    1.0,
    1.0,
    1.0,
    1.0,
    1.0,
    1.0,
    1.0,
    1.0,
    1.0,
    1.0
  ],
  "lr": [
    0.0004500000213738531,
    0.0004050000279676169,
    0.00036450003972277045,
    0.0003280500241089612,
    0.00029524503042921424,
    0.00028048278181813657,
    0.00026645863545127213,
    0.00025313571677543223,
    0.00024047892657108605,
    0.00022845498460810632,
    0.00021703224047087133,
    0.00020618062990251929,
    9.793580102268606e-05,
    9.303900878876448e-05,
    8.838705980451778e-05,
    8.396770863328129e-05,
    7.976932101882994e-05,
    7.57808520575054e-05,
    7.199180981842801e-05,
    6.839221896370873e-05
  ]
}